epoch,train_loss,train_acc,val_loss,val_acc
1,0.03218481120279878,0.9895701643489254,2.252715341455769e-05,1.0
2,3.410781018507318e-05,1.0,8.095868788586812e-06,1.0
3,1.6253983265855684e-05,1.0,4.314324737606512e-06,1.0
4,9.768320801918486e-06,1.0,2.702043657336617e-06,1.0
5,6.760401785726057e-06,1.0,1.8394954508949013e-06,1.0
